{
  "results": [
    {
      "audio_file": "test_data\\mary_long.wav",
      "mode": "hybrid",
      "audio_duration_secs": 34.4,
      "preprocess_ms": 390.9904,
      "encode_ms": 5355.6646,
      "transfer_ms": 319.4327,
      "decode_ms": 106376.69820000001,
      "total_ms": 112442.78590000002,
      "rtf": 3.268685491639005,
      "decode_tokens": 223,
      "tokens_per_sec": 2.0963237604981426,
      "peak_memory_kb": null,
      "shannon_prime": true
    },
    {
      "audio_file": "test_data\\mary_2min.wav",
      "mode": "hybrid",
      "audio_duration_secs": 120.4,
      "preprocess_ms": 324.9333,
      "encode_ms": 17769.6307,
      "transfer_ms": 323.5451,
      "decode_ms": 424308.8907,
      "total_ms": 442726.9998,
      "rtf": 3.6771345032320433,
      "decode_tokens": 761,
      "tokens_per_sec": 1.7935047242223623,
      "peak_memory_kb": null,
      "shannon_prime": true
    }
  ],
  "iterations": 1,
  "warmup": 0,
  "delay_tokens": 6
}