{
  "results": [
    {
      "audio_file": "test_data\\mary_long.wav",
      "mode": "hybrid",
      "audio_duration_secs": 34.4,
      "preprocess_ms": 422.60269999999997,
      "encode_ms": 5279.6195,
      "transfer_ms": 356.6757,
      "decode_ms": 106444.3208,
      "total_ms": 112503.2187,
      "rtf": 3.27044225900294,
      "decode_tokens": 223,
      "tokens_per_sec": 2.0949919951013487,
      "peak_memory_kb": null,
      "shannon_prime": true
    },
    {
      "audio_file": "test_data\\mary_2min.wav",
      "mode": "hybrid",
      "audio_duration_secs": 120.4,
      "preprocess_ms": 326.31690000000003,
      "encode_ms": 17777.6407,
      "transfer_ms": 296.6108,
      "decode_ms": 423914.3351,
      "total_ms": 442314.9035,
      "rtf": 3.6737117765312353,
      "decode_tokens": 761,
      "tokens_per_sec": 1.7951740174591704,
      "peak_memory_kb": null,
      "shannon_prime": true
    }
  ],
  "iterations": 1,
  "warmup": 0,
  "delay_tokens": 6
}